"","ID","game_details"
"1",1,"(0.84, 20, 0 ), (0.7, 15, 0  ), (0.57, 23, 30)"
"2",2,"(0.49, 21, 0 ), (0.72, 38, 0 ), (0.41, 31, 30)"
"3",3,"(0.06, 36, 30), (0.71, 18, 0 ), (0.62, 38, 0 )"
"4",4,"(0.44, 43, 10), (0.38, 11, 10), (0.7, 35, 10 )"
"5",5,"(0.45, 38, 15), (0.47, 13, 10), (0.06, 13, 5 )"
"6",6,"(0.06, 25, 0 ), (0.5, 29, 15 ), (0.56, 29, 15)"
"7",7,"(0.68, 21, 5 ), (0.74, 49, 20), (0.54, 16, 5 )"
"8",8,"(0.06, 47, 1 ), (0.71, 33, 20), (0.41, 34, 9 )"
"9",9,"(0.14, 16, 1 ), (0.34, 11, 24), (0.66, 24, 5 )"
"10",10,"(0.14, 37, 2 ), (0.62, 25, 2 ), (0.45, 14, 26)"
"11",11,"(0.82, 31, 0 ), (0.16, 16, 20), (0.29, 25, 10)"
"12",12,"(0.68, 39, 5 ), (0.48, 36, 5 ), (0.16, 34, 20)"
"13",13,"(0.68, 13, 0 ), (0.14, 13, 15), (0.65, 38, 15)"
"14",14,"(0.7, 11, 2  ), (0.74, 35, 27), (0.78, 14, 1 )"
"15",15,"(0.64, 14, 5 ), (0.74, 30, 11), (0.72, 48, 14)"
"16",16,"(0.45, 46, 10), (0.08, 36, 15), (0.38, 16, 5 )"
"17",17,"(0.64, 15, 5 ), (0.22, 14, 15), (0.84, 21, 10)"
"18",18,"(0.67, 18, 1 ), (0.15, 18, 20), (0.5, 45, 9  )"
"19",19,"(0.96, 37, 0 ), (0.3, 35, 25 ), (0.39, 34, 5 )"
"20",20,"(0.53, 33, 10), (0.21, 35, 5 ), (0.6, 35, 15 )"
"21",21,"(0.3, 37, 15 ), (0.68, 45, 11), (0.04, 17, 4 )"
"22",22,"(0.71, 26, 3 ), (0.29, 28, 11), (0.84, 23, 16)"
"23",23,"(0.51, 11, 0 ), (0.26, 20, 20), (0.86, 34, 10)"
"24",24,"(0.22, 44, 15), (0.31, 45, 5 ), (0.3, 12, 10 )"
"25",25,"(0.32, 43, 15), (0.56, 30, 5 ), (0.04, 20, 10)"
"26",26,"(0.27, 42, 4 ), (0.48, 49, 20), (0.38, 40, 6 )"
"27",27,"(0.32, 46, 10), (0.47, 32, 15), (0.34, 35, 5 )"
"28",28,"(0.43, 15, 10), (0.29, 41, 20), (0.06, 29, 0 )"
"29",29,"(0.7, 13, 0  ), (0.7, 48, 0  ), (0.19, 37, 30)"
"30",30,"(0.84, 41, 15), (0.3, 19, 5  ), (0.7, 41, 10 )"
"31",31,"(0.64, 32, 10), (0.85, 16, 15), (0.86, 21, 5 )"
"32",32,"(0.48, 18, 5 ), (0.29, 20, 15), (0.71, 43, 10)"
"33",33,"(0.84, 49, 10), (0.72, 24, 10), (0.84, 35, 10)"
"34",34,"(0.22, 16, 15), (0.51, 12, 0 ), (0.56, 20, 15)"
"35",35,"(0.32, 11, 2 ), (0.78, 43, 15), (0.66, 24, 13)"
"36",36,"(0.71, 21, 5 ), (0.84, 25, 5 ), (0.3, 45, 20 )"
"37",37,"(0.35, 33, 15), (0.43, 17, 0 ), (0.5, 27, 15 )"
"38",38,"(0.34, 19, 0 ), (0.84, 23, 0 ), (0.26, 37, 30)"
"39",39,"(0.35, 23, 10), (0.05, 37, 5 ), (0.29, 38, 15)"
"40",40,"(0.32, 11, 5 ), (0.96, 33, 20), (0.23, 12, 5 )"
"41",41,"(0.18, 47, 10), (0.3, 24, 10 ), (0.38, 21, 10)"
"42",42,"(0.32, 41, 25), (0.28, 19, 5 ), (0.82, 22, 0 )"
"43",43,"(0.3, 23, 10 ), (0.34, 45, 20), (0.65, 24, 0 )"
"44",44,"(0.71, 37, 0 ), (0.14, 38, 30), (0.62, 25, 0 )"
"45",45,"(0.29, 18, 5 ), (0.16, 41, 25), (0.94, 23, 0 )"
"46",46,"(0.3, 37, 10 ), (0.61, 38, 20), (0.58, 48, 0 )"
"47",47,"(0.3, 45, 24 ), (0.64, 17, 0 ), (0.06, 39, 6 )"
"48",48,"(0.7, 24, 5  ), (0.16, 13, 0 ), (0.06, 20, 25)"
"49",49,"(0.3, 45, 20 ), (0.2, 11, 0  ), (0.69, 42, 10)"
"50",50,"(0.86, 16, 0 ), (0.32, 21, 0 ), (0.04, 18, 30)"
"51",51,"(0.3, 23, 0  ), (0.59, 41, 0 ), (0.18, 43, 30)"
"52",52,"(0.38, 46, 5 ), (0.46, 44, 15), (0.16, 48, 10)"
"53",53,"(0.3, 46, 10 ), (0.86, 12, 0 ), (0.43, 40, 20)"
"54",54,"(0.14, 11, 0 ), (0.93, 46, 0 ), (0.42, 30, 30)"
"55",55,"(0.18, 24, 20), (0.29, 18, 0 ), (0.32, 42, 10)"
"56",56,"(0.16, 48, 30), (0.34, 43, 0 ), (0.73, 48, 0 )"
"57",57,"(0.42, 14, 10), (0.6, 29, 20 ), (0.71, 20, 0 )"
"58",58,"(0.8, 39, 0  ), (0.53, 21, 30), (0.94, 34, 0 )"
"59",59,"(0.32, 35, 20), (0.45, 49, 10), (0.52, 42, 0 )"
"60",60,"(0.46, 47, 5 ), (0.6, 22, 0  ), (0.16, 11, 25)"
"61",61,"(0.31, 44, 30), (0.42, 24, 0 ), (0.93, 22, 0 )"
"62",62,"(0.15, 38, 15), (0.86, 40, 0 ), (0.06, 46, 15)"
"63",63,"(0.38, 21, 0 ), (0.28, 24, 30), (0.78, 10, 0 )"
"64",64,"(0.91, 19, 0 ), (0.5, 16, 15 ), (0.36, 17, 15)"
"65",65,"(0.69, 30, 0 ), (0.7, 37, 0  ), (0.22, 20, 30)"
"66",66,"(0.68, 34, 0 ), (0.69, 33, 0 ), (0.3, 31, 30 )"
"67",67,"(0.69, 26, 20), (0.3, 31, 5  ), (0.3, 25, 5  )"
"68",68,"(0.3, 34, 20 ), (0.31, 19, 10), (0.82, 44, 0 )"
"69",69,"(0.34, 23, 20), (0.08, 23, 5 ), (0.21, 44, 5 )"
"70",70,"(0.64, 28, 0 ), (0.57, 47, 20), (0.18, 15, 10)"
"71",71,"(0.42, 25, 5 ), (0.85, 41, 25), (0.7, 13, 0  )"
"72",72,"(0.58, 25, 0 ), (0.53, 34, 20), (0.22, 44, 10)"
"73",73,"(0.69, 29, 0 ), (0.65, 41, 0 ), (0.4, 29, 30 )"
"74",74,"(0.34, 14, 0 ), (0.7, 36, 30 ), (0.64, 17, 0 )"
"75",75,"(0.12, 37, 0 ), (0.3, 39, 10 ), (0.68, 46, 20)"
"76",76,"(0.28, 28, 30), (0.14, 32, 0 ), (0.62, 31, 0 )"
"77",77,"(0.62, 39, 25), (0.42, 41, 5 ), (0.84, 22, 0 )"
"78",78,"(0.72, 41, 5 ), (0.28, 50, 10), (0.18, 25, 15)"
"79",79,"(0.77, 11, 0 ), (0.54, 41, 0 ), (0.36, 49, 30)"
"80",80,"(0.71, 38, 10), (0.62, 37, 15), (0.46, 17, 5 )"
"81",81,"(0.72, 19, 5 ), (0.69, 36, 20), (0.46, 18, 5 )"
"82",82,"(0.29, 39, 15), (0.94, 46, 10), (0.42, 28, 5 )"
"83",83,"(0.85, 31, 0 ), (0.31, 33, 25), (0.96, 47, 5 )"
"84",84,"(0.5, 41, 10 ), (0.58, 39, 10), (0.54, 41, 10)"
"85",85,"(0.7, 44, 18 ), (0.84, 48, 10), (0.8, 19, 2  )"
"86",86,"(0.14, 14, 0 ), (0.8, 20, 20 ), (0.69, 19, 10)"
"87",87,"(0.29, 48, 10), (0.15, 26, 10), (0.45, 18, 10)"
"88",88,"(0.7, 13, 10 ), (0.18, 20, 5 ), (0.58, 40, 15)"
"89",89,"(0.29, 35, 10), (0.15, 29, 5 ), (0.34, 43, 15)"
"90",90,"(0.68, 30, 10), (0.18, 18, 5 ), (0.82, 37, 15)"
"91",91,"(0.16, 26, 0 ), (0.29, 49, 15), (0.54, 16, 15)"
"92",92,"(0.94, 17, 20), (0.6, 43, 5  ), (0.16, 34, 5 )"
"93",93,"(0.4, 19, 12 ), (0.04, 36, 5 ), (0.43, 37, 13)"
"94",94,"(0.65, 12, 5 ), (0.67, 25, 15), (0.3, 42, 10 )"
"95",95,"(0.3, 23, 5  ), (0.38, 28, 10), (0.72, 20, 15)"
"96",96,"(0.65, 41, 10), (0.73, 48, 10), (0.62, 43, 10)"
"97",97,"(0.46, 28, 20), (0.22, 27, 5 ), (0.06, 38, 5 )"
"98",98,"(0.54, 21, 10), (0.45, 30, 15), (0.04, 14, 5 )"
"99",99,"(0.16, 34, 5 ), (0.71, 41, 15), (0.62, 29, 10)"
"100",100,"(0.64, 48, 10), (0.13, 14, 5 ), (0.6, 15, 15 )"
"101",101,"(0.68, 17, 10), (0.43, 42, 8 ), (0.3, 24, 12 )"
"102",102,"(0.8, 18, 15 ), (0.82, 14, 6 ), (0.44, 12, 9 )"
"103",103,"(0.96, 11, 0 ), (0.14, 49, 30), (0.3, 24, 0  )"
"104",104,"(0.45, 26, 0 ), (0.69, 38, 0 ), (0.3, 45, 30 )"
"105",105,"(0.18, 14, 5 ), (0.2, 47, 25 ), (0.29, 40, 0 )"
"106",106,"(0.72, 39, 0 ), (0.78, 25, 0 ), (0.3, 47, 30 )"
"107",107,"(0.46, 15, 30), (0.74, 16, 0 ), (0.86, 21, 0 )"
"108",108,"(0.3, 47, 30 ), (0.47, 40, 0 ), (0.52, 50, 0 )"
"109",109,"(0.31, 37, 25), (0.84, 36, 2 ), (0.68, 27, 3 )"
"110",110,"(0.45, 12, 0 ), (0.31, 49, 20), (0.12, 29, 10)"
"111",111,"(0.9, 19, 1  ), (0.6, 41, 21 ), (0.6, 35, 8  )"
"112",112,"(0.72, 18, 0 ), (0.7, 47, 30 ), (0.52, 20, 0 )"
"113",113,"(0.96, 34, 1 ), (0.38, 31, 19), (0.43, 47, 10)"
"114",114,"(0.13, 25, 10), (0.26, 17, 0 ), (0.3, 39, 20 )"
"115",115,"(0.71, 11, 3 ), (0.21, 27, 21), (0.74, 37, 6 )"
"116",116,"(0.86, 31, 0 ), (0.16, 41, 20), (0.3, 33, 10 )"
"117",117,"(0.71, 41, 0 ), (0.14, 43, 14), (0.37, 34, 16)"
"118",118,"(0.46, 26, 0 ), (0.2, 31, 10 ), (0.31, 18, 20)"
"119",119,"(0.78, 47, 20), (0.96, 19, 0 ), (0.51, 24, 10)"
"120",120,"(0.72, 19, 30), (0.34, 11, 0 ), (0.54, 10, 0 )"
"121",121,"(0.48, 19, 15), (0.84, 36, 0 ), (0.76, 23, 15)"
"122",122,"(0.42, 20, 20), (0.71, 26, 0 ), (0.55, 29, 10)"
"123",123,"(0.68, 44, 0 ), (0.26, 37, 26), (0.58, 33, 4 )"
"124",124,"(0.16, 29, 10), (0.2, 44, 10 ), (0.26, 30, 10)"
"125",125,"(0.69, 41, 15), (0.7, 17, 0  ), (0.25, 46, 15)"
"126",126,"(0.57, 45, 20), (0.43, 48, 10), (0.77, 27, 0 )"
"127",127,"(0.85, 36, 0 ), (0.55, 42, 20), (0.22, 24, 10)"
"128",128,"(0.2, 39, 15 ), (0.28, 12, 0 ), (0.41, 20, 15)"
"129",129,"(0.3, 23, 0  ), (0.34, 49, 20), (0.3, 32, 10 )"
"130",130,"(0.04, 36, 0 ), (0.44, 34, 30), (0.86, 13, 0 )"
"131",131,"(0.84, 50, 6 ), (0.72, 43, 23), (0.86, 21, 1 )"
"132",132,"(0.61, 31, 10), (0.53, 47, 20), (0.55, 25, 0 )"
"133",133,"(0.7, 18, 2  ), (0.7, 42, 3  ), (0.3, 38, 25 )"
"134",134,"(0.48, 19, 23), (0.29, 20, 7 ), (0.52, 17, 0 )"
"135",135,"(0.3, 20, 1  ), (0.86, 30, 28), (0.22, 35, 1 )"
"136",136,"(0.82, 21, 29), (0.15, 24, 1 ), (0.94, 42, 0 )"
"137",137,"(0.5, 15, 0  ), (0.36, 44, 30), (0.7, 33, 0  )"
"138",138,"(0.68, 18, 0 ), (0.05, 49, 1 ), (0.34, 19, 29)"
"139",139,"(0.86, 16, 0 ), (0.61, 20, 0 ), (0.37, 38, 30)"
"140",140,"(0.71, 41, 0 ), (0.7, 43, 30 ), (0.72, 13, 0 )"
"141",141,"(0.39, 21, 14), (0.52, 48, 0 ), (0.41, 17, 16)"
"142",142,"(0.2, 40, 10 ), (0.53, 16, 0 ), (0.31, 32, 20)"
"143",143,"(0.19, 15, 1 ), (0.14, 13, 1 ), (0.72, 44, 28)"
"144",144,"(0.36, 33, 10), (0.69, 17, 0 ), (0.55, 13, 20)"
"145",145,"(0.14, 13, 10), (0.25, 21, 20), (0.69, 29, 0 )"
"146",146,"(0.55, 29, 25), (0.34, 23, 5 ), (0.47, 20, 0 )"
"147",147,"(0.08, 18, 0 ), (0.52, 41, 0 ), (0.32, 27, 30)"
"148",148,"(0.5, 34, 0  ), (0.22, 24, 0 ), (0.4, 40, 30 )"
"149",149,"(0.55, 45, 30), (0.7, 31, 0  ), (0.68, 21, 0 )"
"150",150,"(0.3, 32, 0  ), (0.53, 42, 30), (0.83, 11, 0 )"
"151",151,"(0.48, 36, 0 ), (0.84, 15, 0 ), (0.46, 50, 30)"
"152",152,"(0.68, 12, 0 ), (0.68, 38, 30), (0.84, 47, 0 )"
"153",153,"(0.11, 44, 15), (0.14, 45, 15), (0.69, 46, 0 )"
"154",154,"(0.68, 36, 0 ), (0.23, 24, 0 ), (0.29, 43, 30)"
"155",155,"(0.55, 15, 0 ), (0.52, 31, 30), (0.54, 25, 0 )"
"156",156,"(0.4, 39, 15 ), (0.42, 29, 0 ), (0.38, 32, 15)"
"157",157,"(0.7, 15, 2  ), (0.54, 11, 10), (0.34, 20, 18)"
"158",158,"(0.29, 47, 29), (0.1, 21, 1  ), (0.53, 38, 0 )"
"159",159,"(0.16, 48, 17), (0.29, 34, 13), (0.82, 42, 0 )"
"160",160,"(0.58, 33, 20), (0.32, 19, 0 ), (0.84, 47, 10)"
"161",161,"(0.31, 37, 10), (0.3, 24, 0  ), (0.57, 23, 20)"
"162",162,"(0.5, 45, 30 ), (0.42, 44, 0 ), (0.71, 17, 0 )"
"163",163,"(0.44, 49, 20), (0.66, 12, 0 ), (0.31, 12, 10)"
"164",164,"(0.29, 30, 5 ), (0.54, 47, 10), (0.26, 39, 15)"
"165",165,"(0.71, 31, 20), (0.34, 37, 10), (0.68, 11, 0 )"
"166",166,"(0.2, 38, 10 ), (0.69, 16, 0 ), (0.7, 46, 20 )"
"167",167,"(0.82, 16, 10), (0.3, 40, 15 ), (0.18, 28, 5 )"
"168",168,"(0.7, 39, 30 ), (0.71, 20, 0 ), (0.69, 10, 0 )"
"169",169,"(0.39, 48, 20), (0.86, 45, 10), (0.86, 12, 0 )"
"170",170,"(0.58, 32, 30), (0.28, 31, 0 ), (0.65, 25, 0 )"
"171",171,"(0.72, 44, 25), (0.14, 37, 5 ), (0.59, 19, 0 )"
"172",172,"(0.36, 30, 15), (0.3, 14, 0  ), (0.31, 29, 15)"
"173",173,"(0.44, 18, 0 ), (0.66, 25, 0 ), (0.47, 20, 30)"
"174",174,"(0.2, 13, 5  ), (0.75, 21, 0 ), (0.32, 48, 25)"
"175",175,"(0.64, 17, 0 ), (0.56, 40, 15), (0.37, 39, 15)"
"176",176,"(0.32, 30, 0 ), (0.14, 48, 15), (0.31, 37, 15)"
"177",177,"(0.31, 29, 10), (0.53, 42, 0 ), (0.3, 47, 20 )"
"178",178,"(0.49, 45, 30), (0.3, 22, 0  ), (0.52, 19, 0 )"
"179",179,"(0.7, 20, 0  ), (0.62, 19, 30), (0.62, 21, 0 )"
"180",180,"(0.52, 22, 0 ), (0.86, 29, 0 ), (0.34, 37, 30)"
"181",181,"(0.34, 49, 30), (0.82, 30, 0 ), (0.54, 15, 0 )"
"182",182,"(0.7, 16, 0  ), (0.7, 29, 0  ), (0.68, 28, 30)"
"183",183,"(0.57, 21, 10), (0.32, 42, 15), (0.08, 49, 5 )"
"184",184,"(0.48, 12, 30), (0.7, 50, 0  ), (0.68, 45, 0 )"
"185",185,"(0.84, 40, 0 ), (0.84, 49, 0 ), (0.34, 48, 30)"
"186",186,"(0.56, 16, 0 ), (0.3, 15, 20 ), (0.15, 45, 10)"
"187",187,"(0.42, 22, 30), (0.29, 42, 0 ), (0.68, 46, 0 )"
"188",188,"(0.69, 40, 7 ), (0.59, 39, 15), (0.3, 47, 8  )"
"189",189,"(0.28, 29, 8 ), (0.22, 28, 3 ), (0.37, 34, 19)"
"190",190,"(0.43, 12, 15), (0.08, 34, 0 ), (0.24, 40, 15)"
"191",191,"(0.7, 17, 20 ), (0.19, 12, 0 ), (0.29, 24, 10)"
"192",192,"(0.14, 26, 0 ), (0.6, 17, 30 ), (0.86, 12, 0 )"
"193",193,"(0.59, 25, 0 ), (0.82, 23, 0 ), (0.6, 32, 30 )"
"194",194,"(0.48, 12, 5 ), (0.7, 23, 15 ), (0.69, 29, 10)"
"195",195,"(0.32, 34, 8 ), (0.34, 38, 21), (0.76, 47, 1 )"
"196",196,"(0.69, 39, 11), (0.66, 10, 8 ), (0.69, 42, 11)"
"197",197,"(0.72, 16, 30), (0.75, 11, 0 ), (0.3, 14, 0  )"
"198",198,"(0.82, 32, 0 ), (0.16, 44, 30), (0.84, 49, 0 )"
"199",199,"(0.3, 43, 0  ), (0.15, 35, 30), (0.74, 11, 0 )"
"200",200,"(0.7, 41, 0  ), (0.84, 37, 0 ), (0.7, 41, 30 )"
"201",201,"(0.68, 25, 15), (0.74, 23, 15), (0.84, 41, 0 )"
"202",202,"(0.24, 26, 0 ), (0.25, 30, 5 ), (0.3, 25, 25 )"
"203",203,"(0.06, 20, 10), (0.68, 43, 20), (0.3, 45, 0  )"
"204",204,"(0.96, 18, 0 ), (0.5, 31, 30 ), (0.7, 28, 0  )"
"205",205,"(0.62, 18, 0 ), (0.7, 13, 5  ), (0.94, 34, 25)"
"206",206,"(0.3, 45, 0  ), (0.24, 47, 30), (0.44, 38, 0 )"
"207",207,"(0.06, 17, 10), (0.7, 46, 0  ), (0.16, 20, 20)"
"208",208,"(0.83, 45, 0 ), (0.2, 33, 15 ), (0.26, 36, 15)"
"209",209,"(0.16, 29, 20), (0.54, 47, 0 ), (0.2, 45, 10 )"
"210",210,"(0.7, 41, 20 ), (0.7, 26, 10 ), (0.78, 11, 0 )"
"211",211,"(0.68, 18, 0 ), (0.26, 46, 25), (0.71, 42, 5 )"
"212",212,"(0.86, 44, 0 ), (0.31, 13, 2 ), (0.28, 12, 28)"
"213",213,"(0.53, 36, 0 ), (0.46, 16, 0 ), (0.3, 40, 30 )"
"214",214,"(0.59, 28, 30), (0.2, 38, 0  ), (0.94, 48, 0 )"
"215",215,"(0.96, 21, 0 ), (0.44, 15, 0 ), (0.94, 33, 30)"
"216",216,"(0.77, 47, 20), (0.51, 46, 10), (0.55, 30, 0 )"
"217",217,"(0.49, 24, 15), (0.36, 21, 10), (0.7, 25, 5  )"
"218",218,"(0.52, 34, 15), (0.84, 27, 15), (0.7, 22, 0  )"
"219",219,"(0.15, 45, 0 ), (0.71, 40, 0 ), (0.07, 50, 30)"
"220",220,"(0.3, 29, 15 ), (0.7, 22, 0  ), (0.28, 28, 15)"
"221",221,"(0.7, 45, 0  ), (0.63, 49, 0 ), (0.4, 49, 30 )"
"222",222,"(0.31, 32, 8 ), (0.7, 38, 22 ), (0.79, 24, 0 )"
"223",223,"(0.18, 16, 4 ), (0.48, 32, 26), (0.7, 27, 0  )"
"224",224,"(0.65, 14, 30), (0.14, 30, 0 ), (0.16, 24, 0 )"
"225",225,"(0.74, 12, 0 ), (0.28, 37, 7 ), (0.68, 44, 23)"
"226",226,"(0.14, 10, 0 ), (0.84, 16, 22), (0.29, 31, 8 )"
"227",227,"(0.31, 22, 7 ), (0.18, 39, 7 ), (0.44, 48, 16)"
"228",228,"(0.66, 12, 7 ), (0.8, 33, 3  ), (0.64, 27, 20)"
"229",229,"(0.3, 16, 0  ), (0.26, 17, 0 ), (0.32, 48, 30)"
"230",230,"(0.7, 32, 15 ), (0.61, 34, 15), (0.78, 10, 0 )"
"231",231,"(0.68, 43, 10), (0.26, 36, 5 ), (0.45, 46, 15)"
"232",232,"(0.69, 15, 15), (0.31, 11, 5 ), (0.29, 50, 10)"
"233",233,"(0.31, 10, 5 ), (0.64, 25, 10), (0.52, 19, 15)"
"234",234,"(0.62, 32, 15), (0.57, 33, 5 ), (0.28, 45, 10)"
"235",235,"(0.84, 25, 0 ), (0.77, 49, 5 ), (0.31, 19, 25)"
"236",236,"(0.71, 25, 30), (0.44, 31, 0 ), (0.32, 30, 0 )"
"237",237,"(0.14, 12, 30), (0.68, 11, 0 ), (0.84, 18, 0 )"
"238",238,"(0.84, 35, 0 ), (0.3, 37, 30 ), (0.7, 36, 0  )"
"239",239,"(0.34, 11, 0 ), (0.15, 33, 30), (0.53, 32, 0 )"
"240",240,"(0.42, 11, 0 ), (0.12, 17, 17), (0.55, 28, 13)"
"241",241,"(0.42, 42, 0 ), (0.35, 44, 30), (0.43, 17, 0 )"
"242",242,"(0.26, 48, 30), (0.84, 30, 0 ), (0.29, 16, 0 )"
"243",243,"(0.3, 15, 5  ), (0.67, 31, 10), (0.6, 35, 15 )"
"244",244,"(0.14, 38, 15), (0.29, 41, 15), (0.66, 12, 0 )"
"245",245,"(0.6, 49, 30 ), (0.3, 23, 0  ), (0.29, 36, 0 )"
"246",246,"(0.34, 15, 20), (0.16, 18, 5 ), (0.14, 24, 5 )"
"247",247,"(0.24, 48, 30), (0.46, 15, 0 ), (0.8, 22, 0  )"
"248",248,"(0.68, 35, 20), (0.45, 19, 10), (0.72, 36, 0 )"
"249",249,"(0.31, 43, 0 ), (0.86, 38, 30), (0.29, 29, 0 )"
"250",250,"(0.69, 31, 10), (0.85, 43, 20), (0.68, 11, 0 )"
"251",251,"(0.29, 35, 10), (0.28, 45, 20), (0.69, 27, 0 )"
"252",252,"(0.94, 32, 0 ), (0.72, 48, 30), (0.31, 11, 0 )"
"253",253,"(0.31, 34, 10), (0.31, 31, 15), (0.16, 25, 5 )"
"254",254,"(0.4, 33, 10 ), (0.14, 25, 0 ), (0.69, 34, 20)"
"255",255,"(0.55, 38, 30), (0.62, 11, 0 ), (0.14, 20, 0 )"
"256",256,"(0.04, 11, 0 ), (0.5, 50, 30 ), (0.06, 38, 0 )"
"257",257,"(0.72, 29, 15), (0.31, 15, 0 ), (0.31, 42, 15)"
"258",258,"(0.58, 28, 20), (0.3, 28, 5  ), (0.42, 14, 5 )"
"259",259,"(0.26, 50, 20), (0.1, 42, 10 ), (0.32, 31, 0 )"
"260",260,"(0.91, 17, 0 ), (0.84, 12, 0 ), (0.2, 45, 30 )"
"261",261,"(0.46, 37, 20), (0.22, 43, 10), (0.6, 17, 0  )"
"262",262,"(0.28, 27, 20), (0.2, 19, 10 ), (0.68, 13, 0 )"
"263",263,"(0.44, 44, 29), (0.14, 22, 1 ), (0.28, 24, 0 )"
"264",264,"(0.28, 32, 0 ), (0.16, 41, 30), (0.84, 50, 0 )"
"265",265,"(0.48, 16, 0 ), (0.32, 21, 15), (0.29, 41, 15)"
"266",266,"(0.24, 41, 15), (0.31, 20, 15), (0.59, 31, 0 )"
"267",267,"(0.46, 13, 0 ), (0.28, 46, 30), (0.74, 22, 0 )"
"268",268,"(0.29, 50, 25), (0.1, 18, 5  ), (0.3, 31, 0  )"
"269",269,"(0.5, 32, 0  ), (0.3, 11, 0  ), (0.54, 44, 30)"
"270",270,"(0.31, 44, 29), (0.06, 44, 1 ), (0.84, 38, 0 )"
"271",271,"(0.06, 31, 10), (0.64, 12, 20), (0.32, 10, 0 )"
"272",272,"(0.33, 42, 10), (0.86, 28, 20), (0.84, 18, 0 )"
"273",273,"(0.69, 10, 0 ), (0.22, 44, 20), (0.3, 45, 10 )"
"274",274,"(0.66, 41, 30), (0.44, 34, 0 ), (0.05, 28, 0 )"
"275",275,"(0.29, 29, 25), (0.18, 23, 0 ), (0.86, 23, 5 )"
"276",276,"(0.14, 46, 14), (0.68, 15, 0 ), (0.37, 31, 16)"
"277",277,"(0.9, 48, 30 ), (0.96, 31, 0 ), (0.73, 37, 0 )"
"278",278,"(0.24, 44, 24), (0.12, 22, 0 ), (0.26, 25, 6 )"
"279",279,"(0.45, 18, 15), (0.3, 13, 0  ), (0.57, 18, 15)"
"280",280,"(0.74, 39, 0 ), (0.45, 27, 0 ), (0.62, 49, 30)"
"281",281,"(0.9, 11, 0  ), (0.59, 35, 30), (0.34, 12, 0 )"
"282",282,"(0.94, 28, 0 ), (0.84, 47, 30), (0.7, 26, 0  )"
"283",283,"(0.63, 47, 30), (0.92, 12, 0 ), (0.64, 42, 0 )"
"284",284,"(0.34, 19, 0 ), (0.04, 35, 4 ), (0.64, 40, 26)"
"285",285,"(0.66, 24, 0 ), (0.7, 46, 30 ), (0.58, 32, 0 )"
"286",286,"(0.55, 49, 30), (0.94, 50, 0 ), (0.34, 17, 0 )"
"287",287,"(0.36, 23, 10), (0.38, 29, 20), (0.4, 21, 0  )"
"288",288,"(0.04, 31, 0 ), (0.64, 22, 0 ), (0.7, 47, 30 )"
"289",289,"(0.76, 14, 0 ), (0.84, 16, 10), (0.41, 27, 20)"
"290",290,"(0.68, 38, 0 ), (0.54, 50, 30), (0.32, 44, 0 )"
"291",291,"(0.42, 27, 0 ), (0.68, 26, 10), (0.7, 30, 20 )"
"292",292,"(0.16, 19, 0 ), (0.14, 44, 30), (0.75, 11, 0 )"
"293",293,"(0.79, 31, 0 ), (0.68, 31, 15), (0.68, 22, 15)"
"294",294,"(0.66, 24, 0 ), (0.3, 38, 30 ), (0.7, 29, 0  )"
"295",295,"(0.7, 10, 0  ), (0.59, 11, 20), (0.61, 41, 10)"
"296",296,"(0.34, 35, 0 ), (0.68, 33, 0 ), (0.04, 26, 30)"
"297",297,"(0.22, 25, 25), (0.3, 39, 5  ), (0.8, 15, 0  )"
"298",298,"(0.54, 18, 15), (0.31, 17, 15), (0.67, 17, 0 )"
"299",299,"(0.7, 38, 10 ), (0.36, 20, 10), (0.31, 16, 10)"
"300",300,"(0.63, 29, 10), (0.7, 43, 10 ), (0.3, 26, 10 )"
"301",301,"(0.32, 17, 0 ), (0.71, 40, 0 ), (0.86, 38, 30)"
"302",302,"(0.93, 17, 20), (0.72, 29, 0 ), (0.43, 25, 10)"
"303",303,"(0.26, 48, 30), (0.28, 42, 0 ), (0.71, 22, 0 )"
"304",304,"(0.07, 23, 10), (0.24, 50, 20), (0.95, 39, 0 )"
"305",305,"(0.14, 11, 15), (0.57, 44, 0 ), (0.3, 38, 15 )"
"306",306,"(0.31, 12, 0 ), (0.33, 34, 0 ), (0.24, 41, 30)"
"307",307,"(0.72, 25, 0 ), (0.32, 46, 30), (0.78, 29, 0 )"
"308",308,"(0.31, 31, 30), (0.28, 27, 0 ), (0.5, 35, 0  )"
"309",309,"(0.72, 20, 30), (0.64, 50, 0 ), (0.8, 27, 0  )"
"310",310,"(0.3, 48, 20 ), (0.66, 42, 10), (0.86, 37, 0 )"
"311",311,"(0.72, 27, 30), (0.68, 18, 0 ), (0.66, 16, 0 )"
"312",312,"(0.88, 28, 0 ), (0.69, 20, 15), (0.45, 35, 15)"
"313",313,"(0.71, 49, 0 ), (0.14, 39, 15), (0.3, 17, 15 )"
"314",314,"(0.32, 13, 10), (0.14, 35, 10), (0.37, 39, 10)"
"315",315,"(0.84, 17, 10), (0.65, 11, 10), (0.86, 47, 10)"
"316",316,"(0.55, 31, 5 ), (0.52, 41, 5 ), (0.24, 49, 20)"
"317",317,"(0.8, 43, 10 ), (0.88, 17, 5 ), (0.1, 34, 15 )"
"318",318,"(0.38, 43, 10), (0.66, 12, 5 ), (0.38, 46, 15)"
"319",319,"(0.86, 28, 0 ), (0.3, 30, 5  ), (0.31, 42, 25)"
"320",320,"(0.52, 32, 10), (0.76, 19, 0 ), (0.19, 45, 20)"
"321",321,"(0.48, 45, 0 ), (0.24, 49, 10), (0.11, 35, 20)"
"322",322,"(0.68, 36, 0 ), (0.3, 45, 30 ), (0.84, 48, 0 )"
"323",323,"(0.24, 13, 23), (0.44, 15, 5 ), (0.08, 42, 2 )"
"324",324,"(0.64, 45, 0 ), (0.37, 43, 20), (0.34, 39, 10)"
"325",325,"(0.16, 18, 0 ), (0.74, 39, 15), (0.56, 36, 15)"
"326",326,"(0.18, 39, 10), (0.15, 20, 0 ), (0.67, 48, 20)"
"327",327,"(0.16, 34, 5 ), (0.04, 43, 0 ), (0.3, 23, 25 )"
"328",328,"(0.7, 45, 0  ), (0.37, 36, 0 ), (0.7, 49, 30 )"
"329",329,"(0.5, 45, 5  ), (0.81, 44, 20), (0.4, 19, 5  )"
"330",330,"(0.22, 30, 10), (0.34, 25, 0 ), (0.3, 28, 20 )"
"331",331,"(0.3, 38, 5  ), (0.7, 11, 0  ), (0.7, 20, 25 )"
"332",332,"(0.29, 35, 20), (0.57, 13, 0 ), (0.49, 33, 10)"
"333",333,"(0.39, 29, 0 ), (0.72, 49, 30), (0.55, 12, 0 )"
"334",334,"(0.97, 26, 0 ), (0.52, 23, 30), (0.84, 13, 0 )"
"335",335,"(0.31, 41, 30), (0.68, 32, 0 ), (0.94, 43, 0 )"
"336",336,"(0.34, 44, 10), (0.28, 38, 15), (0.68, 34, 5 )"
"337",337,"(0.84, 29, 0 ), (0.29, 49, 25), (0.16, 19, 5 )"
"338",338,"(0.94, 40, 0 ), (0.31, 22, 20), (0.16, 45, 10)"
"339",339,"(0.27, 10, 0 ), (0.37, 22, 0 ), (0.7, 45, 30 )"
"340",340,"(0.76, 20, 0 ), (0.06, 49, 0 ), (0.68, 44, 30)"
"341",341,"(0.66, 48, 30), (0.73, 45, 0 ), (0.94, 12, 0 )"
"342",342,"(0.8, 23, 0  ), (0.52, 16, 0 ), (0.85, 37, 30)"
"343",343,"(0.72, 43, 30), (0.06, 43, 0 ), (0.85, 40, 0 )"
"344",344,"(0.54, 31, 0 ), (0.86, 47, 30), (0.67, 13, 0 )"
"345",345,"(0.44, 24, 15), (0.3, 18, 0  ), (0.28, 40, 15)"
"346",346,"(0.84, 42, 30), (0.14, 26, 0 ), (0.7, 33, 0  )"
"347",347,"(0.31, 37, 25), (0.76, 14, 0 ), (0.16, 44, 5 )"
"348",348,"(0.86, 46, 0 ), (0.68, 39, 30), (0.14, 17, 0 )"
"349",349,"(0.72, 45, 5 ), (0.06, 32, 15), (0.38, 45, 10)"
"350",350,"(0.76, 15, 23), (0.3, 14, 0  ), (0.71, 17, 7 )"
"351",351,"(0.14, 50, 0 ), (0.84, 49, 0 ), (0.53, 43, 30)"
"352",352,"(0.88, 20, 30), (0.28, 43, 0 ), (0.31, 19, 0 )"
"353",353,"(0.46, 33, 30), (0.7, 47, 0  ), (0.31, 16, 0 )"
"354",354,"(0.72, 48, 0 ), (0.18, 26, 20), (0.28, 29, 10)"
"355",355,"(0.3, 19, 30 ), (0.76, 24, 0 ), (0.7, 13, 0  )"
"356",356,"(0.86, 44, 0 ), (0.86, 49, 30), (0.84, 30, 0 )"
"357",357,"(0.68, 14, 0 ), (0.69, 20, 0 ), (0.84, 45, 30)"
"358",358,"(0.26, 24, 10), (0.46, 20, 20), (0.77, 20, 0 )"
"359",359,"(0.3, 35, 0  ), (0.47, 12, 0 ), (0.3, 44, 30 )"
"360",360,"(0.8, 35, 0  ), (0.37, 25, 0 ), (0.3, 45, 30 )"
"361",361,"(0.69, 36, 0 ), (0.25, 48, 30), (0.8, 46, 0  )"
"362",362,"(0.56, 15, 30), (0.84, 29, 0 ), (0.85, 10, 0 )"
"363",363,"(0.25, 31, 0 ), (0.16, 49, 30), (0.94, 20, 0 )"
"364",364,"(0.6, 15, 8  ), (0.9, 44, 5  ), (0.44, 12, 17)"
"365",365,"(0.72, 17, 0 ), (0.06, 39, 30), (0.72, 13, 0 )"
"366",366,"(0.45, 17, 0 ), (0.22, 44, 15), (0.24, 40, 15)"
"367",367,"(0.08, 34, 0 ), (0.7, 35, 0  ), (0.41, 18, 30)"
"368",368,"(0.22, 32, 20), (0.76, 14, 0 ), (0.7, 47, 10 )"
"369",369,"(0.14, 25, 10), (0.14, 29, 20), (0.7, 11, 0  )"
"370",370,"(0.14, 27, 10), (0.26, 47, 20), (0.32, 30, 0 )"
"371",371,"(0.88, 22, 0 ), (0.78, 42, 15), (0.84, 42, 15)"
"372",372,"(0.62, 23, 0 ), (0.54, 34, 0 ), (0.4, 31, 30 )"
"373",373,"(0.73, 22, 0 ), (0.38, 30, 30), (0.74, 33, 0 )"
"374",374,"(0.29, 37, 30), (0.49, 30, 0 ), (0.7, 36, 0  )"
"375",375,"(0.3, 25, 30 ), (0.84, 15, 0 ), (0.7, 18, 0  )"
"376",376,"(0.33, 38, 15), (0.6, 21, 5  ), (0.18, 30, 10)"
"377",377,"(0.86, 10, 0 ), (0.38, 33, 15), (0.64, 31, 15)"
"378",378,"(0.06, 13, 20), (0.4, 47, 7  ), (0.38, 22, 3 )"
"379",379,"(0.3, 25, 6  ), (0.56, 41, 10), (0.64, 47, 14)"
"380",380,"(0.71, 50, 5 ), (0.53, 34, 10), (0.82, 50, 15)"
"381",381,"(0.3, 28, 10 ), (0.31, 39, 20), (0.64, 10, 0 )"
"382",382,"(0.82, 18, 0 ), (0.84, 33, 0 ), (0.78, 49, 30)"
"383",383,"(0.84, 36, 0 ), (0.3, 13, 0  ), (0.3, 31, 30 )"
"384",384,"(0.74, 47, 30), (0.71, 12, 0 ), (0.14, 14, 0 )"
"385",385,"(0.41, 43, 15), (0.5, 15, 0  ), (0.3, 30, 15 )"
"386",386,"(0.35, 26, 0 ), (0.42, 44, 25), (0.76, 36, 5 )"
"387",387,"(0.68, 21, 0 ), (0.31, 10, 25), (0.56, 37, 5 )"
"388",388,"(0.95, 21, 30), (0.14, 39, 0 ), (0.7, 16, 0  )"
"389",389,"(0.14, 11, 0 ), (0.23, 14, 0 ), (0.64, 49, 30)"
"390",390,"(0.6, 27, 0  ), (0.92, 49, 30), (0.61, 19, 0 )"
"391",391,"(0.7, 36, 30 ), (0.63, 24, 0 ), (0.22, 36, 0 )"
"392",392,"(0.56, 18, 0 ), (0.24, 28, 30), (0.82, 20, 0 )"
"393",393,"(0.78, 30, 0 ), (0.51, 27, 30), (0.43, 34, 0 )"
"394",394,"(0.06, 39, 15), (0.04, 36, 15), (0.45, 28, 0 )"
"395",395,"(0.7, 40, 0  ), (0.19, 50, 20), (0.52, 28, 10)"
"396",396,"(0.32, 41, 20), (0.29, 34, 0 ), (0.17, 14, 10)"
"397",397,"(0.86, 31, 0 ), (0.6, 29, 0  ), (0.38, 39, 30)"
"398",398,"(0.55, 49, 0 ), (0.4, 37, 10 ), (0.25, 30, 20)"
"399",399,"(0.1, 39, 0  ), (0.44, 13, 0 ), (0.48, 32, 30)"
"400",400,"(0.72, 22, 20), (0.78, 19, 0 ), (0.48, 33, 10)"
"401",401,"(0.34, 41, 0 ), (0.04, 21, 5 ), (0.67, 35, 25)"
"402",402,"(0.24, 21, 0 ), (0.34, 20, 0 ), (0.66, 36, 30)"
"403",403,"(0.73, 44, 0 ), (0.3, 46, 0  ), (0.06, 41, 30)"
"404",404,"(0.77, 34, 15), (0.72, 21, 10), (0.3, 49, 5  )"
"405",405,"(0.26, 43, 5 ), (0.6, 39, 20 ), (0.24, 39, 5 )"
"406",406,"(0.7, 30, 10 ), (0.84, 35, 15), (0.31, 12, 5 )"
"407",407,"(0.97, 19, 11), (0.21, 20, 5 ), (0.82, 42, 14)"
"408",408,"(0.52, 46, 5 ), (0.26, 49, 0 ), (0.74, 26, 25)"
"409",409,"(0.36, 44, 5 ), (0.7, 34, 20 ), (0.38, 40, 5 )"
"410",410,"(0.36, 37, 10), (0.32, 31, 10), (0.84, 44, 10)"
"411",411,"(0.04, 28, 10), (0.32, 40, 10), (0.6, 26, 10 )"
"412",412,"(0.67, 10, 20), (0.84, 41, 0 ), (0.86, 48, 10)"
"413",413,"(0.63, 24, 0 ), (0.76, 47, 25), (0.06, 12, 5 )"
"414",414,"(0.66, 15, 0 ), (0.41, 36, 5 ), (0.34, 40, 25)"
"415",415,"(0.69, 12, 0 ), (0.62, 39, 0 ), (0.2, 35, 30 )"
"416",416,"(0.31, 15, 10), (0.65, 36, 20), (0.66, 14, 0 )"
"417",417,"(0.44, 23, 15), (0.7, 26, 0  ), (0.51, 29, 15)"
"418",418,"(0.31, 25, 10), (0.84, 17, 10), (0.6, 40, 10 )"
"419",419,"(0.68, 40, 2 ), (0.26, 19, 20), (0.04, 13, 8 )"
"420",420,"(0.75, 38, 10), (0.84, 44, 14), (0.7, 15, 6  )"
"421",421,"(0.32, 18, 0 ), (0.94, 50, 5 ), (0.37, 32, 25)"
"422",422,"(0.57, 31, 10), (0.29, 36, 10), (0.19, 38, 10)"
"423",423,"(0.55, 39, 0 ), (0.6, 37, 30 ), (0.8, 15, 0  )"
"424",424,"(0.7, 40, 0  ), (0.56, 17, 30), (0.64, 24, 0 )"
"425",425,"(0.3, 14, 10 ), (0.74, 10, 20), (0.72, 35, 0 )"
"426",426,"(0.86, 13, 30), (0.18, 26, 0 ), (0.24, 33, 0 )"
"427",427,"(0.42, 15, 5 ), (0.49, 12, 10), (0.32, 42, 15)"
"428",428,"(0.67, 30, 28), (0.19, 27, 2 ), (0.16, 21, 0 )"
"429",429,"(0.57, 19, 0 ), (0.52, 31, 4 ), (0.74, 41, 26)"
"430",430,"(0.16, 48, 0 ), (0.4, 24, 0  ), (0.64, 31, 30)"
"431",431,"(0.8, 38, 20 ), (0.44, 40, 5 ), (0.47, 32, 5 )"
"432",432,"(0.61, 16, 20), (0.32, 19, 5 ), (0.3, 17, 5  )"
"433",433,"(0.71, 27, 15), (0.69, 29, 10), (0.64, 14, 5 )"
"434",434,"(0.62, 24, 10), (0.36, 29, 5 ), (0.46, 45, 15)"
"435",435,"(0.71, 20, 10), (0.34, 13, 10), (0.46, 28, 10)"
"436",436,"(0.7, 34, 25 ), (0.3, 24, 5  ), (0.8, 25, 0  )"
"437",437,"(0.7, 12, 0  ), (0.3, 38, 0  ), (0.36, 13, 30)"
"438",438,"(0.7, 42, 0  ), (0.47, 43, 30), (0.3, 18, 0  )"
"439",439,"(0.7, 40, 0  ), (0.62, 37, 30), (0.71, 20, 0 )"
"440",440,"(0.25, 13, 0 ), (0.54, 32, 30), (0.5, 21, 0  )"
"441",441,"(0.7, 30, 0  ), (0.31, 14, 0 ), (0.56, 24, 30)"
"442",442,"(0.3, 18, 10 ), (0.5, 35, 10 ), (0.4, 18, 10 )"
"443",443,"(0.04, 26, 5 ), (0.26, 30, 25), (0.3, 20, 0  )"
"444",444,"(0.84, 38, 0 ), (0.55, 24, 30), (0.36, 11, 0 )"
"445",445,"(0.17, 46, 15), (0.26, 28, 15), (0.51, 15, 0 )"
"446",446,"(0.7, 39, 0  ), (0.48, 44, 20), (0.14, 24, 10)"
"447",447,"(0.52, 49, 15), (0.64, 49, 15), (0.84, 49, 0 )"
"448",448,"(0.66, 42, 0 ), (0.3, 36, 20 ), (0.32, 18, 10)"
"449",449,"(0.17, 19, 0 ), (0.15, 49, 20), (0.3, 32, 10 )"
"450",450,"(0.96, 33, 0 ), (0.15, 27, 5 ), (0.72, 40, 25)"
"451",451,"(0.86, 24, 0 ), (0.14, 20, 10), (0.52, 44, 20)"
"452",452,"(0.33, 50, 12), (0.14, 48, 0 ), (0.67, 26, 18)"
"453",453,"(0.18, 42, 5 ), (0.5, 25, 20 ), (0.35, 15, 5 )"
"454",454,"(0.93, 48, 0 ), (0.74, 17, 20), (0.28, 24, 10)"
"455",455,"(0.42, 18, 10), (0.6, 21, 10 ), (0.16, 17, 10)"
"456",456,"(0.57, 13, 5 ), (0.25, 17, 5 ), (0.64, 42, 20)"
"457",457,"(0.3, 12, 3  ), (0.29, 24, 2 ), (0.86, 44, 25)"
"458",458,"(0.82, 35, 10), (0.84, 21, 20), (0.3, 42, 0  )"
"459",459,"(0.3, 33, 0  ), (0.31, 13, 0 ), (0.04, 49, 30)"
"460",460,"(0.06, 43, 5 ), (0.2, 30, 5  ), (0.27, 46, 20)"
"461",461,"(0.16, 48, 20), (0.38, 26, 5 ), (0.5, 14, 5  )"
"462",462,"(0.14, 41, 5 ), (0.57, 50, 20), (0.43, 16, 5 )"
"463",463,"(0.8, 33, 0  ), (0.52, 38, 30), (0.2, 14, 0  )"
"464",464,"(0.14, 39, 5 ), (0.4, 32, 5  ), (0.74, 21, 20)"
"465",465,"(0.8, 36, 5  ), (0.64, 35, 10), (0.4, 47, 15 )"
"466",466,"(0.68, 41, 15), (0.74, 12, 5 ), (0.34, 22, 10)"
"467",467,"(0.62, 34, 30), (0.14, 23, 0 ), (0.88, 45, 0 )"
"468",468,"(0.29, 12, 0 ), (0.76, 37, 15), (0.84, 50, 15)"
"469",469,"(0.72, 20, 10), (0.29, 16, 5 ), (0.56, 25, 15)"
"470",470,"(0.33, 27, 15), (0.31, 44, 10), (0.54, 29, 5 )"
"471",471,"(0.6, 24, 5  ), (0.35, 22, 10), (0.78, 42, 15)"
"472",472,"(0.52, 38, 10), (0.59, 23, 15), (0.77, 28, 5 )"
"473",473,"(0.3, 27, 20 ), (0.57, 26, 5 ), (0.46, 15, 5 )"
"474",474,"(0.71, 46, 10), (0.7, 19, 10 ), (0.38, 22, 10)"
"475",475,"(0.22, 35, 0 ), (0.14, 42, 10), (0.5, 16, 20 )"
"476",476,"(0.76, 41, 5 ), (0.57, 31, 5 ), (0.54, 14, 20)"
"477",477,"(0.58, 15, 30), (0.7, 45, 0  ), (0.56, 23, 0 )"
"478",478,"(0.64, 32, 5 ), (0.37, 19, 5 ), (0.78, 35, 20)"
"479",479,"(0.83, 16, 30), (0.34, 38, 0 ), (0.38, 23, 0 )"
"480",480,"(0.16, 35, 5 ), (0.28, 30, 0 ), (0.76, 26, 25)"
"481",481,"(0.14, 21, 0 ), (0.6, 30, 15 ), (0.62, 23, 15)"
"482",482,"(0.68, 16, 25), (0.32, 23, 5 ), (0.76, 15, 0 )"
"483",483,"(0.52, 49, 20), (0.94, 20, 10), (0.68, 14, 0 )"
"484",484,"(0.4, 25, 5  ), (0.71, 22, 10), (0.3, 22, 15 )"
"485",485,"(0.26, 39, 0 ), (0.4, 47, 15 ), (0.72, 48, 15)"
"486",486,"(0.45, 36, 10), (0.8, 38, 20 ), (0.86, 13, 0 )"
"487",487,"(0.29, 35, 10), (0.3, 39, 10 ), (0.5, 23, 10 )"
"488",488,"(0.91, 41, 15), (0.57, 21, 5 ), (0.94, 42, 10)"
"489",489,"(0.71, 35, 15), (0.15, 40, 0 ), (0.79, 46, 15)"
"490",490,"(0.31, 46, 16), (0.56, 39, 13), (0.24, 43, 1 )"
"491",491,"(0.16, 23, 6 ), (0.3, 24, 12 ), (0.32, 27, 12)"
"492",492,"(0.7, 39, 15 ), (0.64, 43, 14), (0.34, 28, 1 )"
"493",493,"(0.62, 42, 24), (0.16, 44, 3 ), (0.16, 34, 3 )"
"494",494,"(0.48, 31, 5 ), (0.39, 30, 5 ), (0.72, 38, 20)"
"495",495,"(0.82, 21, 10), (0.57, 12, 10), (0.42, 12, 10)"
"496",496,"(0.29, 42, 10), (0.14, 49, 1 ), (0.3, 25, 19 )"
"497",497,"(0.92, 41, 20), (0.66, 48, 10), (0.26, 11, 0 )"
"498",498,"(0.21, 12, 0 ), (0.4, 34, 16 ), (0.72, 14, 14)"
"499",499,"(0.32, 24, 5 ), (0.8, 46, 10 ), (0.84, 45, 15)"
"500",500,"(0.06, 35, 0 ), (0.7, 24, 20 ), (0.6, 48, 10 )"
"501",501,"(0.72, 31, 17), (0.58, 38, 13), (0.29, 46, 0 )"
"502",502,"(0.32, 31, 5 ), (0.27, 32, 5 ), (0.64, 11, 20)"
"503",503,"(0.2, 29, 0  ), (0.38, 29, 15), (0.3, 37, 15 )"
"504",504,"(0.53, 42, 15), (0.3, 19, 10 ), (0.3, 22, 5  )"
"505",505,"(0.4, 44, 15 ), (0.36, 46, 15), (0.36, 32, 0 )"
"506",506,"(0.14, 31, 10), (0.48, 23, 10), (0.62, 40, 10)"
"507",507,"(0.34, 20, 10), (0.16, 44, 20), (0.68, 41, 0 )"
"508",508,"(0.44, 49, 20), (0.37, 27, 10), (0.86, 11, 0 )"
"509",509,"(0.4, 39, 0  ), (0.78, 23, 0 ), (0.08, 39, 30)"
"510",510,"(0.6, 11, 5  ), (0.48, 44, 20), (0.7, 30, 5  )"
"511",511,"(0.36, 43, 15), (0.22, 45, 15), (0.3, 40, 0  )"
"512",512,"(0.72, 31, 0 ), (0.38, 47, 30), (0.52, 29, 0 )"
"513",513,"(0.12, 27, 30), (0.7, 44, 0  ), (0.69, 10, 0 )"
"514",514,"(0.32, 17, 0 ), (0.48, 42, 15), (0.44, 46, 15)"
"515",515,"(0.28, 13, 10), (0.06, 19, 5 ), (0.73, 34, 15)"
"516",516,"(0.44, 40, 20), (0.7, 30, 0  ), (0.68, 46, 10)"
"517",517,"(0.21, 12, 5 ), (0.86, 27, 0 ), (0.68, 50, 25)"
"518",518,"(0.56, 20, 0 ), (0.96, 37, 0 ), (0.32, 42, 30)"
"519",519,"(0.68, 31, 20), (0.53, 10, 5 ), (0.57, 11, 5 )"
"520",520,"(0.14, 26, 15), (0.4, 35, 15 ), (0.7, 10, 0  )"
"521",521,"(0.32, 50, 30), (0.22, 28, 0 ), (0.14, 29, 0 )"
"522",522,"(0.29, 16, 10), (0.04, 27, 10), (0.08, 22, 10)"
"523",523,"(0.84, 43, 30), (0.7, 20, 0  ), (0.58, 30, 0 )"
"524",524,"(0.16, 35, 15), (0.7, 33, 0  ), (0.88, 46, 15)"
"525",525,"(0.3, 19, 0  ), (0.69, 21, 0 ), (0.16, 21, 30)"
"526",526,"(0.6, 43, 15 ), (0.22, 12, 15), (0.55, 12, 0 )"
"527",527,"(0.86, 34, 0 ), (0.29, 36, 30), (0.3, 27, 0  )"
"528",528,"(0.4, 33, 0  ), (0.3, 29, 30 ), (0.57, 48, 0 )"
"529",529,"(0.6, 24, 0  ), (0.16, 48, 30), (0.62, 26, 0 )"
"530",530,"(0.38, 31, 15), (0.54, 36, 0 ), (0.28, 20, 15)"
"531",531,"(0.53, 29, 0 ), (0.57, 15, 0 ), (0.3, 27, 30 )"
"532",532,"(0.36, 22, 15), (0.5, 12, 0  ), (0.24, 29, 15)"
"533",533,"(0.1, 14, 15 ), (0.25, 40, 15), (0.35, 25, 0 )"
"534",534,"(0.65, 26, 0 ), (0.58, 35, 30), (0.63, 32, 0 )"
"535",535,"(0.76, 11, 10), (0.42, 38, 20), (0.76, 24, 0 )"
"536",536,"(0.48, 46, 15), (0.55, 25, 0 ), (0.52, 16, 15)"
"537",537,"(0.16, 49, 30), (0.95, 49, 0 ), (0.31, 41, 0 )"
"538",538,"(0.29, 42, 0 ), (0.26, 27, 20), (0.06, 35, 10)"
"539",539,"(0.23, 23, 10), (0.22, 17, 20), (0.32, 18, 0 )"
"540",540,"(0.38, 13, 15), (0.16, 48, 15), (0.86, 33, 0 )"
"541",541,"(0.33, 10, 30), (0.7, 26, 0  ), (0.5, 18, 0  )"
"542",542,"(0.94, 49, 0 ), (0.52, 25, 25), (0.05, 44, 5 )"
"543",543,"(0.7, 40, 0  ), (0.65, 44, 0 ), (0.27, 25, 30)"
"544",544,"(0.3, 12, 0  ), (0.31, 30, 30), (0.37, 10, 0 )"
"545",545,"(0.7, 43, 0  ), (0.59, 12, 0 ), (0.26, 42, 30)"
"546",546,"(0.69, 29, 0 ), (0.32, 11, 10), (0.12, 44, 20)"
"547",547,"(0.44, 16, 30), (0.7, 45, 0  ), (0.88, 13, 0 )"
"548",548,"(0.06, 44, 0 ), (0.59, 11, 10), (0.3, 30, 20 )"
"549",549,"(0.72, 36, 30), (0.8, 48, 0  ), (0.86, 37, 0 )"
"550",550,"(0.14, 14, 30), (0.31, 12, 0 ), (0.72, 47, 0 )"
"551",551,"(0.5, 25, 0  ), (0.34, 30, 30), (0.77, 34, 0 )"
"552",552,"(0.48, 26, 15), (0.16, 25, 15), (0.48, 45, 0 )"
"553",553,"(0.7, 33, 0  ), (0.84, 15, 0 ), (0.44, 13, 30)"
"554",554,"(0.6, 44, 0  ), (0.32, 23, 30), (0.5, 47, 0  )"
"555",555,"(0.9, 40, 0  ), (0.32, 29, 25), (0.3, 47, 5  )"
"556",556,"(0.8, 35, 10 ), (0.16, 46, 20), (0.86, 34, 0 )"
"557",557,"(0.74, 12, 0 ), (0.88, 40, 0 ), (0.52, 48, 30)"
"558",558,"(0.05, 19, 10), (0.7, 30, 0  ), (0.6, 45, 20 )"
"559",559,"(0.38, 14, 15), (0.12, 27, 15), (0.5, 43, 0  )"
"560",560,"(0.55, 35, 0 ), (0.77, 17, 5 ), (0.44, 22, 25)"
"561",561,"(0.31, 37, 20), (0.32, 10, 0 ), (0.08, 15, 10)"
"562",562,"(0.12, 41, 5 ), (0.57, 26, 0 ), (0.71, 44, 25)"
"563",563,"(0.36, 25, 30), (0.72, 24, 0 ), (0.83, 32, 0 )"
"564",564,"(0.46, 49, 30), (0.54, 27, 0 ), (0.54, 36, 0 )"
"565",565,"(0.16, 15, 15), (0.4, 44, 15 ), (0.55, 13, 0 )"
"566",566,"(0.7, 20, 0  ), (0.3, 29, 30 ), (0.69, 17, 0 )"
"567",567,"(0.17, 47, 15), (0.32, 48, 0 ), (0.16, 11, 15)"
"568",568,"(0.3, 24, 30 ), (0.64, 11, 0 ), (0.55, 28, 0 )"
"569",569,"(0.6, 24, 30 ), (0.73, 23, 0 ), (0.58, 41, 0 )"
"570",570,"(0.1, 50, 10 ), (0.53, 32, 20), (0.64, 23, 0 )"
"571",571,"(0.06, 35, 6 ), (0.84, 49, 24), (0.86, 44, 0 )"
"572",572,"(0.86, 16, 0 ), (0.5, 23, 24 ), (0.06, 37, 6 )"
"573",573,"(0.69, 11, 0 ), (0.77, 39, 0 ), (0.52, 17, 30)"
"574",574,"(0.3, 37, 0  ), (0.16, 36, 30), (0.72, 37, 0 )"
"575",575,"(0.48, 42, 0 ), (0.42, 11, 30), (0.64, 14, 0 )"
"576",576,"(0.32, 29, 0 ), (0.59, 30, 0 ), (0.38, 16, 30)"
"577",577,"(0.3, 40, 10 ), (0.68, 29, 10), (0.52, 29, 10)"
"578",578,"(0.47, 41, 15), (0.14, 25, 10), (0.3, 24, 5  )"
"579",579,"(0.94, 31, 0 ), (0.18, 18, 0 ), (0.4, 43, 30 )"
"580",580,"(0.7, 17, 0  ), (0.7, 48, 0  ), (0.3, 20, 30 )"
"581",581,"(0.7, 21, 5  ), (0.8, 12, 5  ), (0.36, 19, 20)"
"582",582,"(0.7, 16, 0  ), (0.29, 22, 29), (0.3, 21, 1  )"
"583",583,"(0.69, 47, 2 ), (0.66, 44, 8 ), (0.41, 31, 20)"
"584",584,"(0.67, 16, 0 ), (0.7, 15, 10 ), (0.34, 32, 20)"
"585",585,"(0.5, 27, 0  ), (0.57, 49, 25), (0.12, 49, 5 )"
"586",586,"(0.14, 11, 0 ), (0.3, 30, 0  ), (0.06, 16, 30)"
"587",587,"(0.84, 24, 5 ), (0.34, 28, 20), (0.71, 31, 5 )"
"588",588,"(0.46, 18, 0 ), (0.7, 33, 30 ), (0.8, 19, 0  )"
"589",589,"(0.38, 19, 25), (0.72, 47, 5 ), (0.71, 11, 0 )"
"590",590,"(0.82, 48, 0 ), (0.57, 46, 0 ), (0.18, 27, 30)"
"591",591,"(0.85, 35, 0 ), (0.7, 23, 0  ), (0.7, 47, 30 )"
"592",592,"(0.78, 34, 0 ), (0.48, 45, 0 ), (0.3, 45, 30 )"
"593",593,"(0.16, 28, 17), (0.58, 34, 0 ), (0.27, 33, 13)"
"594",594,"(0.43, 36, 0 ), (0.28, 19, 0 ), (0.22, 19, 30)"
"595",595,"(0.93, 47, 0 ), (0.53, 38, 30), (0.68, 47, 0 )"
"596",596,"(0.31, 45, 17), (0.31, 44, 0 ), (0.08, 38, 13)"
"597",597,"(0.44, 37, 0 ), (0.24, 27, 30), (0.38, 23, 0 )"
"598",598,"(0.13, 47, 13), (0.64, 24, 17), (0.72, 32, 0 )"
"599",599,"(0.68, 13, 0 ), (0.52, 47, 5 ), (0.56, 46, 25)"
"600",600,"(0.54, 42, 1 ), (0.57, 32, 29), (0.62, 17, 0 )"
"601",601,"(0.78, 40, 0 ), (0.36, 12, 22), (0.75, 32, 8 )"
"602",602,"(0.96, 48, 0 ), (0.29, 41, 29), (0.3, 32, 1  )"
"603",603,"(0.22, 11, 19), (0.7, 30, 0  ), (0.7, 44, 11 )"
"604",604,"(0.14, 34, 13), (0.84, 45, 0 ), (0.12, 20, 17)"
"605",605,"(0.55, 44, 5 ), (0.52, 25, 25), (0.71, 45, 0 )"
"606",606,"(0.7, 39, 0  ), (0.32, 47, 15), (0.24, 18, 15)"
"607",607,"(0.37, 27, 20), (0.62, 10, 0 ), (0.34, 31, 10)"
"608",608,"(0.48, 34, 30), (0.52, 37, 0 ), (0.6, 35, 0  )"
"609",609,"(0.14, 35, 2 ), (0.14, 49, 28), (0.72, 46, 0 )"
"610",610,"(0.62, 24, 0 ), (0.45, 40, 30), (0.7, 22, 0  )"
"611",611,"(0.06, 23, 6 ), (0.25, 20, 24), (0.76, 40, 0 )"
"612",612,"(0.34, 43, 15), (0.16, 44, 15), (0.29, 19, 0 )"
"613",613,"(0.44, 13, 0 ), (0.7, 17, 0  ), (0.52, 42, 30)"
"614",614,"(0.3, 32, 30 ), (0.43, 14, 0 ), (0.46, 13, 0 )"
"615",615,"(0.16, 42, 30), (0.68, 20, 0 ), (0.71, 37, 0 )"
"616",616,"(0.68, 11, 0 ), (0.48, 40, 30), (0.81, 18, 0 )"
"617",617,"(0.76, 24, 0 ), (0.5, 16, 0  ), (0.3, 33, 30 )"
"618",618,"(0.74, 49, 0 ), (0.16, 13, 30), (0.52, 34, 0 )"
"619",619,"(0.7, 12, 0  ), (0.7, 16, 15 ), (0.15, 13, 15)"
"620",620,"(0.38, 24, 0 ), (0.08, 41, 15), (0.84, 49, 15)"
"621",621,"(0.7, 19, 5  ), (0.71, 15, 5 ), (0.3, 12, 20 )"
"622",622,"(0.88, 19, 2 ), (0.84, 43, 13), (0.84, 49, 15)"
"623",623,"(0.55, 42, 25), (0.6, 19, 1  ), (0.14, 18, 4 )"
"624",624,"(0.28, 24, 5 ), (0.24, 48, 24), (0.49, 22, 1 )"
"625",625,"(0.62, 42, 5 ), (0.49, 34, 10), (0.53, 22, 15)"
"626",626,"(0.82, 16, 30), (0.84, 34, 0 ), (0.33, 47, 0 )"
"627",627,"(0.14, 41, 10), (0.3, 37, 10 ), (0.15, 20, 10)"
"628",628,"(0.65, 25, 5 ), (0.25, 28, 15), (0.3, 30, 10 )"
"629",629,"(0.15, 33, 15), (0.9, 24, 5  ), (0.84, 17, 10)"
"630",630,"(0.16, 41, 5 ), (0.68, 13, 15), (0.4, 23, 10 )"
"631",631,"(0.32, 17, 5 ), (0.78, 28, 15), (0.78, 27, 10)"
"632",632,"(0.29, 19, 5 ), (0.7, 28, 15 ), (0.4, 37, 10 )"
"633",633,"(0.62, 40, 5 ), (0.84, 21, 20), (0.6, 49, 5  )"
"634",634,"(0.29, 49, 5 ), (0.7, 13, 10 ), (0.86, 27, 15)"
"635",635,"(0.06, 23, 20), (0.8, 39, 5  ), (0.86, 35, 5 )"
"636",636,"(0.38, 43, 10), (0.7, 13, 10 ), (0.86, 10, 10)"
"637",637,"(0.31, 14, 10), (0.84, 42, 15), (0.32, 11, 5 )"
"638",638,"(0.96, 39, 5 ), (0.41, 20, 10), (0.36, 23, 15)"
"639",639,"(0.44, 26, 25), (0.75, 19, 0 ), (0.44, 13, 5 )"
"640",640,"(0.3, 12, 11 ), (0.19, 25, 15), (0.84, 37, 4 )"
"641",641,"(0.36, 21, 30), (0.7, 12, 0  ), (0.63, 22, 0 )"
"642",642,"(0.84, 47, 0 ), (0.55, 30, 25), (0.05, 16, 5 )"
"643",643,"(0.32, 23, 5 ), (0.84, 24, 15), (0.26, 46, 10)"
"644",644,"(0.15, 36, 15), (0.14, 35, 5 ), (0.77, 17, 10)"
"645",645,"(0.68, 19, 0 ), (0.15, 23, 30), (0.36, 11, 0 )"
"646",646,"(0.4, 12, 8  ), (0.71, 36, 15), (0.3, 21, 7  )"
"647",647,"(0.3, 11, 0  ), (0.6, 47, 20 ), (0.42, 26, 10)"
"648",648,"(0.6, 32, 15 ), (0.67, 48, 15), (0.86, 21, 0 )"
"649",649,"(0.58, 14, 0 ), (0.38, 28, 15), (0.34, 25, 15)"
"650",650,"(0.94, 17, 10), (0.84, 42, 3 ), (0.62, 18, 17)"
"651",651,"(0.3, 14, 15 ), (0.12, 14, 5 ), (0.3, 33, 10 )"
"652",652,"(0.79, 11, 10), (0.7, 42, 10 ), (0.86, 42, 10)"
"653",653,"(0.46, 22, 5 ), (0.37, 46, 10), (0.7, 28, 15 )"
"654",654,"(0.59, 19, 0 ), (0.19, 16, 10), (0.19, 20, 20)"
"655",655,"(0.3, 17, 30 ), (0.61, 16, 0 ), (0.34, 46, 0 )"
"656",656,"(0.71, 29, 5 ), (0.62, 47, 5 ), (0.66, 33, 20)"
"657",657,"(0.71, 26, 5 ), (0.86, 42, 15), (0.82, 49, 10)"
"658",658,"(0.3, 34, 30 ), (0.82, 41, 0 ), (0.96, 28, 0 )"
"659",659,"(0.14, 46, 14), (0.35, 43, 6 ), (0.3, 50, 10 )"
"660",660,"(0.82, 17, 20), (0.31, 18, 5 ), (0.71, 12, 5 )"
"661",661,"(0.05, 30, 5 ), (0.48, 49, 10), (0.3, 11, 15 )"
"662",662,"(0.8, 12, 5  ), (0.31, 17, 15), (0.54, 33, 10)"
"663",663,"(0.61, 35, 12), (0.45, 46, 6 ), (0.76, 12, 12)"
"664",664,"(0.43, 14, 15), (0.46, 18, 5 ), (0.75, 22, 10)"
"665",665,"(0.94, 31, 20), (0.16, 18, 0 ), (0.83, 32, 10)"
"666",666,"(0.19, 43, 0 ), (0.7, 20, 10 ), (0.6, 41, 20 )"
"667",667,"(0.6, 11, 5  ), (0.78, 48, 15), (0.31, 38, 10)"
"668",668,"(0.76, 42, 12), (0.94, 47, 12), (0.31, 23, 6 )"
"669",669,"(0.82, 39, 10), (0.61, 30, 0 ), (0.92, 47, 20)"
"670",670,"(0.3, 39, 10 ), (0.69, 45, 15), (0.06, 16, 5 )"
"671",671,"(0.5, 24, 14 ), (0.33, 28, 4 ), (0.32, 25, 12)"
"672",672,"(0.3, 29, 13 ), (0.3, 34, 17 ), (0.04, 39, 0 )"
"673",673,"(0.86, 46, 29), (0.57, 41, 1 ), (0.3, 25, 0  )"
"674",674,"(0.31, 46, 8 ), (0.29, 39, 0 ), (0.84, 32, 22)"
"675",675,"(0.29, 24, 10), (0.69, 25, 20), (0.28, 45, 0 )"
"676",676,"(0.3, 45, 10 ), (0.24, 16, 20), (0.78, 39, 0 )"
"677",677,"(0.71, 44, 15), (0.23, 23, 0 ), (0.7, 37, 15 )"
"678",678,"(0.71, 34, 27), (0.18, 45, 0 ), (0.5, 14, 3  )"
"679",679,"(0.62, 40, 17), (0.57, 41, 13), (0.84, 12, 0 )"
